{
  "r2": 0.738742222523743,
  "mae": 2485088.69862817,
  "rmse": 3572516.742220631
}